nama_guru,total_komentar,komentar_valid,jumlah_positif,jumlah_negatif,jumlah_netral,jumlah_toxic,jumlah_spam,persentase_positif,persentase_negatif,persentase_netral,rata_rata_score,rata_rata_rating,sentimen_akhir,ringkasan_alasan
Diki Pira Saputra,26,26,24,0,2,0,0,92.31,0.0,7.69,2.197,4.885,positif,"Total komentar 26; positif=24, negatif=0, netral=2; toxic=0, spam=0; rata-rata score=2.20; rata-rata rating=4.88; sentimen akhir=positif"
Apon Gustana,22,22,19,0,3,0,0,86.36,0.0,13.64,2.075,4.818,positif,"Total komentar 22; positif=19, negatif=0, netral=3; toxic=0, spam=0; rata-rata score=2.08; rata-rata rating=4.82; sentimen akhir=positif"
Ai Rosdiyati,51,51,45,0,6,0,0,88.24,0.0,11.76,1.968,4.686,positif,"Total komentar 51; positif=45, negatif=0, netral=6; toxic=0, spam=0; rata-rata score=1.97; rata-rata rating=4.69; sentimen akhir=positif"
Moh. Jujun Sirojudin,46,46,38,0,8,0,0,82.61,0.0,17.39,1.962,4.478,positif,"Total komentar 46; positif=38, negatif=0, netral=8; toxic=0, spam=0; rata-rata score=1.96; rata-rata rating=4.48; sentimen akhir=positif"
Adi Prawita,32,32,31,0,1,0,0,96.88,0.0,3.12,1.952,4.844,positif,"Total komentar 32; positif=31, negatif=0, netral=1; toxic=0, spam=0; rata-rata score=1.95; rata-rata rating=4.84; sentimen akhir=positif"
Heri Herawan,89,89,80,0,9,0,0,89.89,0.0,10.11,1.854,4.685,positif,"Total komentar 89; positif=80, negatif=0, netral=9; toxic=0, spam=0; rata-rata score=1.85; rata-rata rating=4.69; sentimen akhir=positif"
Rangga Prayoga,54,54,45,0,9,0,0,83.33,0.0,16.67,1.848,4.685,positif,"Total komentar 54; positif=45, negatif=0, netral=9; toxic=0, spam=0; rata-rata score=1.85; rata-rata rating=4.69; sentimen akhir=positif"
Arbi Muhammad,69,69,55,0,14,0,0,79.71,0.0,20.29,1.787,4.522,positif,"Total komentar 69; positif=55, negatif=0, netral=14; toxic=0, spam=0; rata-rata score=1.79; rata-rata rating=4.52; sentimen akhir=positif"
M. Indra Permana,40,40,37,0,3,0,0,92.5,0.0,7.5,1.784,4.875,positif,"Total komentar 40; positif=37, negatif=0, netral=3; toxic=0, spam=0; rata-rata score=1.78; rata-rata rating=4.88; sentimen akhir=positif"
Rifki Nurdiansyah,81,81,64,0,17,0,0,79.01,0.0,20.99,1.734,4.568,positif,"Total komentar 81; positif=64, negatif=0, netral=17; toxic=0, spam=0; rata-rata score=1.73; rata-rata rating=4.57; sentimen akhir=positif"
Neng Wina,69,69,57,0,12,0,0,82.61,0.0,17.39,1.732,4.768,positif,"Total komentar 69; positif=57, negatif=0, netral=12; toxic=0, spam=0; rata-rata score=1.73; rata-rata rating=4.77; sentimen akhir=positif"
Diza S,14,14,11,0,3,0,0,78.57,0.0,21.43,1.697,4.571,positif,"Total komentar 14; positif=11, negatif=0, netral=3; toxic=0, spam=0; rata-rata score=1.70; rata-rata rating=4.57; sentimen akhir=positif"
Bilvi Gustina,63,63,51,0,12,0,0,80.95,0.0,19.05,1.695,4.667,positif,"Total komentar 63; positif=51, negatif=0, netral=12; toxic=0, spam=0; rata-rata score=1.70; rata-rata rating=4.67; sentimen akhir=positif"
Siti Suhaerah,27,27,19,0,8,0,0,70.37,0.0,29.63,1.693,4.481,positif,"Total komentar 27; positif=19, negatif=0, netral=8; toxic=0, spam=0; rata-rata score=1.69; rata-rata rating=4.48; sentimen akhir=positif"
Iin Nasrulloh,66,66,56,0,10,0,0,84.85,0.0,15.15,1.658,4.667,positif,"Total komentar 66; positif=56, negatif=0, netral=10; toxic=0, spam=0; rata-rata score=1.66; rata-rata rating=4.67; sentimen akhir=positif"
Reni Oktaviani,62,62,55,0,7,0,0,88.71,0.0,11.29,1.632,4.726,positif,"Total komentar 62; positif=55, negatif=0, netral=7; toxic=0, spam=0; rata-rata score=1.63; rata-rata rating=4.73; sentimen akhir=positif"
M. Iqbal Mabrur,26,26,21,0,5,0,0,80.77,0.0,19.23,1.625,4.577,positif,"Total komentar 26; positif=21, negatif=0, netral=5; toxic=0, spam=0; rata-rata score=1.62; rata-rata rating=4.58; sentimen akhir=positif"
Afrizal Bimoseno,30,30,22,0,8,0,0,73.33,0.0,26.67,1.568,4.5,positif,"Total komentar 30; positif=22, negatif=0, netral=8; toxic=0, spam=0; rata-rata score=1.57; rata-rata rating=4.50; sentimen akhir=positif"
Romeli,55,55,45,0,10,0,0,81.82,0.0,18.18,1.524,4.6,positif,"Total komentar 55; positif=45, negatif=0, netral=10; toxic=0, spam=0; rata-rata score=1.52; rata-rata rating=4.60; sentimen akhir=positif"
Nani Kustini,78,78,60,0,18,0,0,76.92,0.0,23.08,1.485,4.551,positif,"Total komentar 78; positif=60, negatif=0, netral=18; toxic=0, spam=0; rata-rata score=1.48; rata-rata rating=4.55; sentimen akhir=positif"
